Lesson,Themes,Example Scenario
"Being honest is important.","Honesty, Truthfulness, Trust","A character chooses to tell the truth about a mistake, leading to understanding instead of bigger problems."
"Treat others with kindness and respect.","Kindness, Respect, Empathy, Fairness","A character realizes treating someone nicely makes everyone feel better, especially after seeing how bad unkindness feels."
"Sharing with others is kind.","Sharing, Generosity, Friendship, Kindness","A character discovers that sharing a toy or treat makes playtime more fun and strengthens friendships."
"Practicing helps you get better.","Practice, Perseverance, Skill, Effort","A character keeps trying to learn something difficult (like drawing or a game) and sees improvement through steady effort."
"Think carefully before you act.","Caution, Thinking, Safety, Planning","A character avoids a silly mistake or accident by pausing to think about the situation before jumping in."
"Being patient and steady helps you succeed.","Patience, Persistence, Steadiness, Focus","A character achieves a goal by working carefully and consistently, while someone faster but less focused does not."
"Help your friends when they need you.","Friendship, Helpfulness, Loyalty, Support","A character notices a friend is struggling or sad and offers help or comfort, showing they are a good friend."
"Don't judge people by how they look.","Acceptance, Openness, Judging, Fairness","A character gets to know someone who looks different or grumpy and discovers they are actually very kind or interesting."
"Learn from your mistakes.","Learning, Mistakes, Resilience, Improvement","A character makes an error, but instead of giving up, figures out what went wrong and uses that knowledge to succeed later."
"Be kind to animals.","Kindness, Animals, Compassion, Gentleness","A character shows gentleness and care towards a small creature or pet, understanding the need to be kind to all living things."
"Keeping your space tidy is helpful.","Tidiness, Responsibility, Order, Organization","A character cleans up their messy space and finds it easier to find things and feel comfortable."
"Show you care through actions, not just words.","Actions, Reliability, Promises, Trust","A character demonstrates their friendship or commitment by helping out, proving actions are more meaningful than just saying they'll help."
"Keep trying even if it's hard.","Perseverance, Effort, Resilience, Determination","A character faces a challenge, feels like quitting, but persists and eventually achieves their goal through determination."
"Being patient is important.","Patience, Waiting, Calmness, Self-control","A character learns to wait calmly for something they want, understanding that some things take time."
"Working together helps solve problems.","Teamwork, Collaboration, Cooperation, Problem Solving","Characters find that combining their skills and ideas makes it easier to overcome a challenge than working alone."
"You can find a way if you are determined.","Determination, Problem Solving, Resourcefulness, Belief","A character really wants to achieve something difficult and uses creativity and effort to find a surprising solution."
"Forgiving others is important.","Forgiveness, Friendship, Understanding, Letting Go","A character chooses to forgive a friend who made a mistake and apologized, making their friendship stronger."
"Always tell the truth.","Honesty, Truthfulness, Trust, Integrity","A character learns that telling the truth, even when difficult, builds trust and avoids bigger complications."
"Be brave when you feel scared.","Bravery, Courage, Facing Fears, Confidence","A character feels afraid but gathers the courage to face something scary, often finding it wasn't so bad after all."
"Listen to advice from others.","Listening, Respect, Learning, Guidance","A character learns the value of listening to parents, teachers, or friends who offer helpful advice based on experience."
"Trying new things is good.","Trying New Things, Exploration, Courage, Openness","A character overcomes hesitation to try a new activity or food and discovers something new they enjoy or learn from."
"Being thankful for what you have brings happiness.","Gratitude, Thankfulness, Happiness, Appreciation","A character learns to focus on and appreciate the good things they possess, leading to a greater sense of joy."
"Kind actions can lead to good things.","Kindness, Actions, Consequences, Generosity","A character does something kind for someone, and later, they experience kindness from others in return."
"Giving to others can bring joy.","Generosity, Giving, Kindness, Selflessness, Joy","A character experiences the happiness that comes from helping someone else or giving a thoughtful gift."
"Listening carefully helps you understand.","Listening, Understanding, Respect, Communication","A character misunderstands an important instruction because they weren't fully listening, leading to a mix-up that teaches them the value of paying attention."
"Taking turns is fair to everyone.","Fairness, Sharing, Patience, Respect, Cooperation","Characters wanting the same swing learn that taking turns allows everyone to have fun without arguing, making playtime more enjoyable."
"Saying sorry sincerely matters.","Apology, Honesty, Responsibility, Friendship, Empathy","A character gives a quick 'sorry' without meaning it, but learns that a heartfelt apology truly helps mend hurt feelings and fix mistakes."
"It's important to manage your anger.","Emotions, Self-control, Calmness, Patience","A character gets very frustrated and wants to shout or stomp, but learns a simple way to calm down first (like taking deep breaths), avoiding bigger upsets."
"Keeping your promises shows reliability.","Promises, Reliability, Trust, Responsibility, Friendship","A character promises to help a friend but gets distracted; they learn that following through on promises builds trust and shows you care."
"Working hard helps achieve goals.","Hard Work, Effort, Perseverance, Goals, Determination","A character wants to build a complex block tower and realizes that consistent effort and concentration are needed, rather than wishing it was easy."
"It's okay to be different and be yourself.","Uniqueness, Acceptance, Self-confidence, Individuality, Respect","A character feels shy about their unique hobby but learns to embrace what makes them special, finding others who appreciate their individuality."
"Take responsibility for your actions.","Responsibility, Honesty, Consequences, Actions, Fairness","A character accidentally makes a mess and tries to hide it, but learns it's better to admit fault and help clean up."
"Being curious helps you learn new things.","Curiosity, Learning, Exploration, Asking Questions, Discovery","A character keeps asking 'why?' about the world around them (like why the sky is blue) and learns fascinating new things through their curiosity."
"Use kind words when you speak.","Kindness, Words, Respect, Communication, Empathy","A character learns that mean words can hurt feelings, just like actions, and that using kind words makes interactions happier and more positive."
"Respect and care for nature.","Nature, Environment, Respect, Care, Responsibility","While playing outside, a character learns not to pick flowers needlessly or disturb animal homes, understanding the importance of protecting the environment."
"Be happy for others' successes.","Happiness (for others), Support, Friendship, Generosity, Kindness","A character initially feels jealous when a friend wins a game or does well, but learns the joy of celebrating their friend's accomplishments."
"It's good to ask for help when you need it.","Helpfulness, Asking for Help, Humility, Problem Solving, Teamwork","A character struggles with a task alone, feeling frustrated, until they learn that asking a grown-up or friend for help is okay and often leads to success."
"Clean up after yourself.","Responsibility, Tidiness, Respect (for space), Helpfulness, Consideration","After playing or eating, a character learns to put away their toys or clear their plate, understanding it shows responsibility and respect for shared spaces."
"Including everyone makes playtime more fun.","Inclusion, Kindness, Friendship, Fairness, Community","A character notices someone being left out of a game and invites them to join, discovering that playing together makes everyone happier."
"Patience helps when waiting for your turn.","Patience, Waiting, Fairness, Self-control, Respect","A character really wants to use the slide but learns to wait patiently in line, understanding that everyone deserves a turn."
"Trying your best is what matters most.","Effort, Trying Your Best, Perseverance, Attitude, Self-esteem","A character doesn't win a race but feels proud because they tried their absolute hardest, learning that effort is valuable in itself."
"Small acts of kindness make a big difference.","Kindness, Helpfulness, Generosity, Community, Empathy","A character does a small, kind deed, like holding a door or sharing a crayon, and sees how it brightens someone's day."
"Following rules helps keep everyone safe and happy.","Rules, Safety, Order, Respect, Cooperation","A character learns why playground rules exist (like not running up the slide) when they see how following them prevents accidents and ensures everyone gets a turn."
"Being gentle shows care and respect.","Gentleness, Kindness, Respect, Care, Empathy","A character learns to handle a pet or a younger sibling gently, understanding that being rough can hurt or scare them."
"Saying 'please' and 'thank you' shows good manners.","Manners, Politeness, Respect, Gratitude, Kindness","A character learns that using polite words like 'please' and 'thank you' makes interactions smoother and shows appreciation."
"It's okay to feel disappointed, but don't let it spoil everything.","Emotions, Disappointment, Resilience, Coping, Attitude","A character feels sad when their preferred activity is cancelled but learns to find enjoyment in an alternative plan."
"Being a good sport means playing fairly and being gracious.","Sportsmanship, Fairness, Respect, Attitude, Playing Fair","A character learns to congratulate the winner even when they lose a game, understanding that playing fair and having fun is important."
"Try to understand how others might feel.","Empathy, Understanding, Perspective, Kindness, Feelings","A character realizes their actions unintentionally upset a friend and learns to think about the other person's feelings."
"Getting enough rest helps you feel good and learn better.","Health, Rest, Self-care, Routine","A character feels grumpy and tired after staying up late, learning that a good night's sleep helps them feel energetic and happy."
"Eating healthy foods gives your body energy.","Health, Food, Self-care, Energy","A character learns that eating fruits and vegetables helps them run faster and play longer compared to only eating sweets."
"Wait for your turn to speak without interrupting.","Listening, Respect, Patience, Communication, Manners","A character learns to wait for a pause in conversation before speaking, showing respect for the person already talking."
"Admit when you are wrong and apologize.","Honesty, Responsibility, Apology, Humility, Integrity","A character realizes they made a mistake in blaming someone else and learns the importance of admitting it and saying sorry."
"Share things fairly so everyone gets a chance.","Sharing, Fairness, Generosity, Cooperation, Respect","Characters learn how to divide snacks or playtime equally, ensuring no one feels left out."
"Helping with family chores shows responsibility.","Helpfulness, Responsibility, Family, Teamwork, Contribution","A character learns to help with simple tasks at home, like setting the table, feeling proud to contribute to the family."
"Being organized helps you find things easily.","Organization, Tidiness, Responsibility, Efficiency","A character sets up their crayons neatly and finds it much easier to pick colors, learning the benefit of being organized."
"Focusing on a task helps you complete it well.","Focus, Concentration, Effort, Perseverance, Task Completion","A character learns to ignore distractions while doing a puzzle, finding they can solve it faster and better with focus."
"Sometimes quiet time is nice for relaxing or thinking.","Calmness, Quiet Time, Reflection, Self-care, Peace","A character discovers the enjoyment of sitting quietly to read a book or draw, finding it relaxing after noisy play."
"Be cautious around people you don't know.","Safety, Caution, Strangers, Awareness","A character learns a simple safety rule about checking with a trusted adult before talking to or going anywhere with someone unfamiliar."
"Look both ways before crossing the street.","Safety, Rules, Caution, Awareness, Traffic","A character learns the importance of stopping, looking, and listening for cars before crossing the road, even quiet ones."
"Be careful near water and listen to safety rules.","Safety, Rules, Caution, Water Safety, Listening","A character learns about water safety rules, like not running near a pool or waiting for an adult before going near water."
"Know what to do if there is a fire (like 'stop, drop, roll').","Safety, Rules, Fire Safety, Preparation, Calmness","A character learns a basic fire safety action, understanding it helps keep them safe in an emergency."
"Don't take things that don't belong to you.","Honesty, Respect (for property), Rules, Integrity","A character is tempted to take a cool toy they find but learns it's important to find the owner or give it to an adult."
"Try to return lost items to their owner.","Honesty, Kindness, Helpfulness, Responsibility, Consideration","A character finds a lost mitten and makes an effort to return it, feeling good about helping someone else."
"Comforting a friend who is sad shows you care.","Kindness, Empathy, Friendship, Support, Comfort","A character sees a friend crying and offers a hug or kind words, learning how to provide comfort."
"Be welcoming to new people.","Kindness, Welcoming, Inclusion, Friendship, Community","A character makes an effort to include a new child in their game, helping them feel welcome and less lonely."
"Stand up for what is right, even if it's hard.","Courage, Integrity, Fairness, Standing Up, Principles","A character sees someone being treated unfairly and speaks up kindly but firmly, learning the importance of doing the right thing."
"Think creatively to solve tricky problems.","Problem Solving, Creativity, Thinking, Resourcefulness, Ingenuity","A character faces a challenge (like reaching a high object safely) and comes up with a clever, safe solution."
"Don't give up just because something is difficult.","Perseverance, Determination, Resilience, Effort, Not Giving Up","A character struggles with learning to tie shoelaces but keeps practicing patiently until they succeed."
"Appreciate that everyone is different and unique.","Acceptance, Uniqueness, Diversity, Respect, Individuality","A character learns that friends can have different interests, appearances, or abilities, and that these differences make the world interesting."
"Reading stories can take you on amazing adventures.","Reading, Imagination, Learning, Joy, Exploration","A character discovers the magic of reading, getting lost in a story and exploring new worlds through books."
"Music and art are fun ways to express yourself.","Creativity, Expression, Art, Music, Joy, Fun","A character finds joy in singing, dancing, or drawing, learning it's a wonderful way to show feelings or ideas."
"Use what you have smartly to solve problems.","Resourcefulness, Problem Solving, Creativity, Thinking","A character needs something specific for a game but doesn't have it, so they find a clever substitute using available items."
"Conserve resources like water and electricity.","Conservation, Responsibility, Environment, Care, Awareness","A character learns to turn off the tap while brushing teeth or switch off lights when leaving a room, understanding it helps save resources."
"Respect others' personal space.","Respect, Boundaries, Personal Space, Consideration","A character learns not to crowd or touch others without permission, understanding that everyone needs their own space."
"Understand and name your feelings (happy, sad, angry).","Emotions, Feelings, Self-awareness, Understanding","A character learns to identify their own feelings and use words to express them, helping them manage emotions better."
"Be thankful when someone helps you.","Gratitude, Thankfulness, Appreciation, Manners, Kindness","A character receives help from someone and remembers to say 'thank you,' appreciating the kindness shown."
"Using your imagination is powerful and fun.","Imagination, Creativity, Play, Fun, Thinking","A character uses everyday objects to create imaginative games, learning the power and fun of make-believe."
"Speak clearly so others can understand you.","Communication, Speaking Clearly, Confidence, Respect","A character learns to speak up clearly instead of mumbling, making it easier for others to understand their ideas."
"Take good care of your belongings.","Responsibility, Care (for items), Respect (for property), Organization","A character learns to put their toys away carefully to avoid breaking them, valuing their possessions."
"Try to make amends if you make a mistake.","Responsibility, Making Amends, Apology, Actions, Repairing Harm","After accidentally knocking over a friend's blocks, a character helps rebuild it, learning to fix mistakes when possible."
"Being on time shows respect for others' time.","Punctuality, Respect, Responsibility, Time Management","A character learns that being ready on time for school or activities shows consideration for others waiting."
"Ask permission before using something that isn't yours.","Respect (for property), Asking Permission, Consideration, Rules","A character learns to ask before borrowing a friend's crayon or toy, showing respect for their ownership."
"Understand the difference between needing something and wanting something.","Needs vs Wants, Understanding, Perspective, Contentment","A character learns that while they might *want* many toys, they only *need* essentials like food, shelter, and love."
"Celebrate effort and improvement, not just winning.","Effort, Improvement, Attitude, Perseverance, Growth Mindset","A character praises a friend for trying hard and getting better at a skill, even if they didn't come first."
"Handle books and toys gently so they last longer.","Gentleness, Care (for items), Responsibility, Respect (for property)","A character learns to turn book pages carefully and not throw toys, helping them last longer."
"Work together peacefully, even when you disagree.","Cooperation, Teamwork, Conflict Resolution, Respect, Communication","Characters learning to build something together find ways to compromise when they have different ideas."
"Solve disagreements calmly using words.","Conflict Resolution, Communication, Calmness, Words, Problem Solving","Instead of arguing loudly, characters learn to talk calmly about what's bothering them to find a solution."
"Be considerate of others with noise levels.","Consideration, Respect, Noise Levels, Quietness, Empathy","A character learns to use a quieter voice indoors or when others are resting or working."
"It feels good to help others without being asked.","Helpfulness, Kindness, Proactiveness, Generosity, Community","A character sees someone struggling and offers help spontaneously, discovering the good feeling it brings."
"Stick with your friends through good and bad times.","Loyalty, Friendship, Support, Reliability, Commitment","A character supports a friend who is having a tough day, showing what it means to be a loyal friend."
"Believe in yourself and your abilities.","Self-confidence, Belief (in self), Courage, Positive Thinking","A character feels unsure about trying something new but reminds themselves they can do it, boosting their confidence."
"Learning is a lifelong adventure.","Learning, Curiosity, Growth, Exploration, Knowledge","A character expresses excitement about learning new things every day, seeing education as an ongoing, fun journey."
"Be patient while others are learning.","Patience, Kindness, Understanding, Support, Empathy","A character waits kindly without rushing while a younger friend slowly learns to tie their shoes, offering encouragement."
"Listen to different opinions, even if you disagree.","Listening, Respect, Openness, Understanding, Communication","During a group activity, a character listens politely to a friend's idea that is different from theirs, showing respect for their perspective."
"Avoid boasting or showing off too much.","Humility, Modesty, Respect, Consideration, Sportsmanship","A character learns that constantly talking about how good they are at something can make others feel bad, and it's nicer to be modest."
"Be content and appreciate what you have right now.","Contentment, Gratitude, Appreciation, Happiness, Perspective","A character learns to enjoy the toys they already own instead of constantly wanting new ones, finding happiness in appreciation."
"Remember that everyone makes mistakes sometimes.","Mistakes, Forgiveness (Self & Others), Understanding, Empathy, Learning","A character feels embarrassed after spilling juice but is reminded by a friend or adult that accidents happen to everyone."
"Tell a trusted adult if you have a big problem or feel unsafe.","Safety, Trust, Communication, Asking for Help, Protection","A character feels worried about something and learns it's important and brave to tell a parent, teacher, or trusted grown-up."
"Handle plants and flowers gently in nature.","Gentleness, Nature, Respect, Care, Environment","While exploring a garden, a character learns not to pull leaves off plants unnecessarily, respecting living things."
"Being prepared makes activities go smoothly.","Preparation, Planning, Responsibility, Foresight","A character remembers to pack sunscreen before going to the park on a sunny day, avoiding discomfort later."
"Try your best, even if you think you won't be the best.","Effort, Trying Your Best, Courage, Participation, Attitude","A character joins a drawing activity even though they feel others are better artists, discovering the fun is in trying and learning."
"Wash your hands to keep yourself and others healthy.","Health, Hygiene, Responsibility, Self-care, Consideration","A character learns the importance of washing hands before eating or after playing outside to wash away germs."
"Ask politely if you want to join a game.","Manners, Politeness, Respect, Asking Permission, Social Skills","A character wants to join a game and learns to ask 'Can I play too?' instead of just jumping in."
"Put things back where they belong after using them.","Responsibility, Tidiness, Organization, Respect (for space), Consideration","A character learns to put library books back on the correct shelf or toys in the right bin, helping keep things orderly for everyone."
"Be careful not to damage others' work or creations.","Respect (for property), Consideration, Care, Empathy","A character learns to walk carefully around a sibling's block tower or sandcastle, respecting their effort and creation."
"Understand that learning new skills takes time and practice.","Patience, Perseverance, Learning, Skill Development, Time","A character feels frustrated learning a new song on an instrument but understands that consistent practice over time leads to improvement."
"Making things yourself can be very rewarding.","Creativity, Making, Effort, Accomplishment, Joy","A character draws a picture for a family member and feels proud and happy seeing their own creation displayed."
"Welcome visitors kindly to your home or classroom.","Welcoming, Kindness, Hospitality, Friendship, Manners","A character greets a visitor with a friendly smile and offers them a seat, making them feel comfortable and welcome."
"Ask questions if you are unsure about something.","Asking Questions, Learning, Understanding, Curiosity, Communication","A character doesn't understand instructions and learns it's better to ask for clarification than to guess and make a mistake."
"Pay attention to what is happening around you.","Awareness, Safety, Observation, Attention, Mindfulness","While walking, a character learns to notice obstacles on the path or changes in their surroundings, helping them stay safe and aware."
"A simple smile can brighten someone's day.","Kindness, Happiness, Connection, Nonverbal Communication, Positivity","A character smiles at someone who looks sad, and sees how this small gesture can make a difference."
"Say 'excuse me' when you need to get past someone.","Manners, Politeness, Respect, Consideration, Communication","A character learns to say 'excuse me' politely when needing to move through a crowded space."
"Think before you speak, as words can have impact.","Thinking, Communication, Kindness, Consideration, Words","A character learns to pause and choose kind words, understanding that hasty or harsh words can hurt feelings."
"Appreciate community helpers who keep us safe and healthy.","Gratitude, Appreciation, Community Helpers, Respect, Safety","A character learns about the important jobs of firefighters or doctors and feels thankful for their work in the community."
"Being flexible helps when plans need to change.","Adaptability, Flexibility, Resilience, Coping, Attitude","A character learns to adjust happily when rain cancels an outdoor picnic, finding a fun indoor alternative instead."
"Share credit with your team when you succeed together.","Teamwork, Sharing Success, Humility, Cooperation, Recognition","After completing a group project successfully, characters make sure to praise everyone's contribution, not just their own."
"Show respect to older people through kindness and listening.","Respect (for elders), Kindness, Listening, Manners, Consideration","A character listens patiently to an older relative's story or offers help, showing respect and kindness."
"Encourage others when they are trying something hard.","Encouragement, Support, Kindness, Friendship, Empathy","A character cheers for a friend who is struggling in a race or learning a new skill, helping them feel motivated."
"Don't make fun of others for being different or making mistakes.","Kindness, Respect, Empathy, Acceptance, Anti-Bullying","A character learns that teasing someone is hurtful and understands the importance of being kind and accepting of everyone."
"Everyone learns new things at their own speed.","Patience, Understanding, Learning, Individuality, Acceptance","A character realizes that just because they learned something quickly doesn't mean everyone does, and it's okay to learn at different paces."
"Pay attention to the present moment sometimes.","Mindfulness, Attention, Calmness, Observation, Focus","A character takes a moment to notice the feeling of sunshine, the sound of birds, or the taste of their food, appreciating the present."
"Choose healthy snacks most of the time.","Health, Food Choices, Self-care, Responsibility","A character learns to pick fruits or yogurt for a snack more often, understanding it's good for their body's energy and growth."
"Be careful what information you share online.","Safety (Online), Caution, Privacy, Thinking","A character learns a simple rule about not sharing personal details like their address or phone number online without asking a parent."
"Stories can teach us valuable lessons.","Learning, Stories, Wisdom, Listening, Understanding","A character hears a fable or story and understands the moral or lesson it conveys about life or behavior."
"Respect different ways people celebrate or live.","Respect, Diversity, Culture, Acceptance, Understanding","A character learns about a friend's different holiday tradition and shows interest and respect for their customs."
"Working together as a family makes chores easier.","Teamwork, Family, Cooperation, Helpfulness, Responsibility","Family members work together to clean up after dinner, finishing quickly and having more time for fun afterwards."
"Saying goodbye properly shows you care.","Manners, Consideration, Closure, Respect, Social Skills","A character learns to say a proper goodbye when leaving a friend's house or ending a call, showing politeness."
"Try to be reliable when you agree to meet friends.","Reliability, Punctuality, Friendship, Responsibility, Respect","A character makes sure to arrive on time for a planned playdate, showing their friend they can be counted on."
"Understand that actions have consequences.","Consequences, Actions, Responsibility, Cause and Effect, Thinking","A character learns that if they leave their toys out, they might get stepped on (consequence), motivating them to tidy up (action)."
"Find joy in simple things, like playing outside or laughing.","Joy, Simple Pleasures, Happiness, Appreciation, Mindfulness","A character discovers immense fun just running in the park or laughing with friends, appreciating simple joys."
"It's okay to tell someone how you feel using words.","Emotions, Feelings, Communication, Honesty, Self-expression","A character learns to say 'I feel sad because...' instead of just being quiet or grumpy, helping others understand."
"Take care of shared things, like library books or school toys.","Responsibility, Care (for items), Sharing, Respect (for property), Community","A character learns to handle shared classroom supplies gently so they remain in good condition for everyone."
"Be creative with materials when you don't have much.","Resourcefulness, Creativity, Problem Solving, Imagination, Adaptability","Characters wanting to build a fort use blankets and chairs creatively when they don't have special building toys."
"Finish one activity before starting another.","Focus, Completion, Tidiness, Responsibility, Order","A character learns to put away their puzzle before taking out paints, helping keep the play area manageable."
"Understand that 'no' sometimes means 'not safe'.","Safety, Understanding, Rules, Listening, Trust","A character learns that when an adult says 'no' to something like climbing too high, it's often to keep them safe."
"Gentle hands are safe hands when playing.","Gentleness, Safety, Play, Respect, Self-control","Characters learn not to push or grab during play, understanding the importance of gentle and safe interactions."
"Look after your teeth by brushing regularly.","Health, Hygiene, Responsibility, Self-care, Routine","A character learns the routine of brushing their teeth after meals to keep them healthy and strong."
"It's brave to admit when you don't know something.","Honesty, Humility, Bravery, Learning, Asking Questions","A character isn't afraid to say 'I don't know' and ask for information, realizing it's a way to learn."
"Listen to your body when it needs food or rest.","Self-awareness, Health, Listening (to body), Self-care, Needs","A character learns to recognize signs of hunger or tiredness and understands the need to eat or rest accordingly."
"Protect your skin from too much sun.","Health, Safety, Self-care, Preparation, Sun Safety","A character learns to wear a hat or sunscreen when playing outside for a long time on a sunny day."
"Be a trustworthy friend who keeps appropriate secrets.","Trust, Friendship, Reliability, Discretion","A character learns that if a friend shares something private (that isn't about safety), keeping it confidential builds trust. *Note: Emphasize safety exceptions separately.*"
"Celebrate holidays and traditions respectfully.","Respect, Traditions, Celebration, Community, Understanding","A character participates respectfully in family or community traditions, understanding their value and meaning."